id,description
12,"Юридическая работа стартует без подтверждённого юрлица и юрисдикции, часть работы переделывается."
13,"Один материал проверяют и Коробкина (ЕС/США), и локальная команда (Германия): дублирование и разные подходы. Нужен единый владелец проверки."
18,"Неясно, кто утверждает критерии признания на мероприятиях, кто отвечает за процедуру, кто выдаёт наградные элементы (Мотивация ↔ Ивент)."
20,Не определён владелец ежемесячного расчёта платежей по Бонусу привилегий и его автоматизации (Мотивация ↔ РАО / ФД).
21,Информирование дистрибьюторов о рангах и Бонусе привилегий дублируется центральной функцией и локальными ДПД/ДП.
26,Мотивация называет расчёт Бонуса привилегий конфликтом с РАО; РАО конфликт не подтвердила и не опровергла.
28,"Возвраты заказов не текущего месяца: нет правила, что делать с баллами, и нет ответственного."
30,"И центральный Операционный департамент, и Операционная дирекция Европа пишут, что их полномочия не зафиксированы."
31,"Центр описывает координацию операционных директоров, а Европа центр не упоминает вовсе: практика разошлась."
32,Три функции независимо называют отсутствие WMS и автоматизации учёта остатков.
33,"«Логистика» в трёх анкетах означает разное: инфраструктура рынка, импорт/Sales, выбор перевозчиков."
34,"Клиентский сервис формально в KPI Операционной дирекции Европа, но контакт-центры подчинены HR и странам: фактически белое пятно."
35,"Акции для товаров с истекающим сроком: операциям нужна быстрая скидка, маркетинг согласует долго и иногда запускает акции без проверки наличия."
38,Юридический департамент называет Маркетинг функцией с частым конфликтом зон.
39,"Юристов подключают по факту, а не на этапе постановки задачи."
40,"Комплаенс существует де-факто (проверка claims ведётся в Business Development), но нигде не закреплён как зона ответственности."
