id,position,name,content,result,hot_points,gap_note
VS5.1,1,Определить целевой профиль партнёра,"Мотивация, компетенции, ценности, время, роль",Partner profile,,
VS5.2,2,Привлечь кандидата,Бизнес-возможность через партнёров и корпоративные каналы,Заинтересованный кандидат,,
VS5.3,3,Представить бизнес-модель,"Роль, обязанности, расходы, риски, compensation plan, ограничения",Информированный кандидат,,
VS5.4,4,Подтвердить решение,"Проверка понимания условий, добровольное решение",Согласие кандидата,,
VS5.5,5,Зарегистрировать партнёра,"KYC, договор, налоговые данные, sponsor attribution, доступы",Активная учётная запись,,
VS5.6,6,Провести onboarding,"Компания, продукты, системы, политики, стартовый маршрут",Готов к обучению,,
VS5.7,7,Обучить продукту и этике,"Product knowledge, customer care, разрешённые claims, privacy, продажи",Базовая компетентность,,
VS5.8,8,Сертифицировать партнёра,"Проверка знаний, допуск к действиям и материалам",Certified partner,,
VS5.9,9,Сформировать стартовый план,"Цели, сегменты, активности, sponsor/coach, первые 30–90 дней",Individual activation plan,,
VS5.10,10,Обеспечить первое действие,"Первый контакт, презентация, мероприятие, digital",First meaningful action,,
VS5.11,11,Помочь создать первую клиентскую ценность,"Потребность, compliant-рекомендация, первый retail-заказ",First served customer,,
VS5.12,12,Закрепить воспроизводимый цикл,"Повторение привлечения, продажи и сопровождения",Активный продуктивный партнёр,,
VS5.13,13,Развивать компетенции,"Продажи, сопровождение, аналитика, лидерство, digital",Развивающийся партнёр,,
VS5.14,14,Развивать лидера,"Наставничество, сообщество, обучение, развитие новых партнёров",Certified field leader,,
VS5.15,15,Оценивать и вознаграждать результат,"Подтверждение retail-активности, квалификация, бонус, признание",Вознаграждённая клиентская ценность,18 20 26,
VS5.16,16,Удерживать или реактивировать,"Диагностика снижения активности, поддержка, новый план",Retained / reactivated partner,21,
VS5.17,17,Корректно завершить сотрудничество,"Доступы, расчёты, возврат продукции, сохранение клиентов",Управляемый partner exit,,
