step_id,function_id,role
VS5.1,distr,none
VS5.1,mkt,none
VS5.2,distr,none
VS5.2,event,none
VS5.2,mkt,none
VS5.3,distr,none
VS5.3,claims,none
VS5.3,legal,none
VS5.4,distr,none
VS5.4,legal,none
VS5.5,rao,none
VS5.5,ecom,none
VS5.5,legal,none
VS5.5,it,none
VS5.6,train,none
VS5.6,distr,none
VS5.7,train,none
VS5.7,mkt,none
VS5.7,claims,none
VS5.8,train,none
VS5.8,claims,none
VS5.9,distr,none
VS5.10,distr,none
VS5.10,event,none
VS5.11,distr,none
VS5.11,cx,none
VS5.12,distr,none
VS5.13,train,none
VS5.13,distr,none
VS5.14,train,none
VS5.14,distr,none
VS5.14,event,none
VS5.15,rao,none
VS5.15,motiv,none
VS5.15,fin,none
VS5.15,event,none
VS5.16,distr,none
VS5.16,motiv,none
VS5.16,rao,none
VS5.17,rao,none
VS5.17,legal,none
VS5.17,fin,none
